label,center_x,center_y,radius_px,area_px
1,346,40,59,10935
2,640,37,58,10568
3,868,26,58,10568
4,470,88,58,10568
5,757,85,59,10935
6,123,91,58,10568
7,258,132,59,10935
8,980,98,59,10935
9,376,169,56,9852
10,579,151,59,10935
11,864,152,59,10935
13,165,218,59,10935
14,699,199,58,10568
15,286,255,59,10935
16,483,242,58,10568
17,922,266,58,10568
18,604,282,58,10568
19,798,275,57,10207
20,69,347,56,9852
21,193,341,58,10568
22,391,328,59,10935
23,511,367,59,10935
24,774,395,56,9852
25,905,391,58,10568
26,297,412,58,10568
27,630,411,58,10568
28,106,466,58,10568
29,416,453,59,10935
30,220,519,58,10568
31,535,495,58,10568
32,715,504,58,10568
33,840,498,58,10568
35,364,570,58,10568
37,498,620,58,10568
38,620,588,59,10935
39,881,618,59,10935
40,231,644,59,10935
41,755,631,58,10568
42,1006,634,58,10568
43,394,696,59,10935
44,617,715,59,10935
45,158,762,58,10568
46,283,759,58,10568
47,839,738,59,10935
48,501,766,59,10935
49,722,788,59,10935
50,36,839,58,10568
51,389,826,59,10935
52,604,841,58,10568
53,935,821,59,10935
54,150,893,59,10935
55,278,887,59,10935
56,818,871,59,10935
57,492,900,59,10935
58,702,921,59,10935
59,377,967,59,10935
60,583,989,59,10935
61,921,948,59,10935
62,61,994,60,11309
